Event (id-title-startdate), Album (id-title-date)
,3-Debitis Ea Recusandae-2020-10-15
,
,5-Earum Omnis-2020-12-07
19-Accusantium Iusto Corrupti-2021-02-05,
14-Repellendus-2021-02-07,
1-Sunt Eos-2021-02-08,
2-Perferendis Necessitatibus-2021-02-13,
6-Quod Consequatur-2021-02-13,
5-Et-2021-02-13,
9-Eum Atque-2021-02-19,
21-Event 1-2021-02-22,1-Eos-2020-11-26
22-Event 2-2021-02-22,
23-Event 3-2021-02-23,
24-Even 4-2021-02-24,
11-Aut Omnis-2021-02-25,
13-Voluptatibus Corrupti-2021-03-26,
10-Nam Quia Fugit-2021-03-26,
7-Illum-2021-04-09,
4-Hic-2021-04-13,
18-Deserunt Dignissimos-2021-04-14,
17-Officiis Molestias Quibusdam-2021-04-16,
15-Alias-2021-05-03,
20-Minus Pariatur-2021-05-17,
16-Ex Hic Quae-2021-05-18,
8-Quos-2021-05-21,
12-Illum Modi-2021-05-27,
3-Dolorem Corporis Doloremque-2021-06-16,
